appId,url,adSupported,containsAds,released,title,score,reviews,price,free,genre,ratings,installs,size,contentRating,contentRatingDescription
com.iqoption,https://play.google.com/store/apps/details?id=com.iqoption&hl=en&gl=us,,,,IQ Option ‚Äì Online Investing Platform,3.9500873,180508.0,0.0,True,Finance,447684.0,"50,000,000+",30M,Everyone,
com.jaumo.casual,https://play.google.com/store/apps/details?id=com.jaumo.casual&hl=en&gl=us,True,True,"Oct 6, 2017",Joyride ‚Äì Open-Minded Dating & Passionate Singles,4.323741,77062.0,0.0,True,Dating,195161.0,"10,000,000+",16M,Mature 17+,
de.elfsoft.bestbrokers,https://play.google.com/store/apps/details?id=de.elfsoft.bestbrokers&hl=en&gl=us,True,True,"Oct 4, 2015",Best Brokers: Stock Simulator,4.3937197,4875.0,0.0,True,Finance,16631.0,"1,000,000+",6.0M,Everyone,
com.propagator.squeezy,https://play.google.com/store/apps/details?id=com.propagator.squeezy&hl=en&gl=us,,,"Nov 24, 2014",Squeezy: NHS Pelvic Floor App,4.726829,1024.0,3.99,False,Medical,2064.0,"50,000+",Varies with device,Everyone,
com.Slack,https://play.google.com/store/apps/details?id=com.Slack&hl=en&gl=us,,,"Jul 22, 2013",Slack,4.1763854,15010.0,0.0,True,Business,77934.0,"10,000,000+",Varies with device,Everyone,
homeworkout.homeworkouts.noequipment,https://play.google.com/store/apps/details?id=homeworkout.homeworkouts.noequipment&hl=en&gl=us,True,True,"Nov 8, 2017",Home Workout - No Equipment,4.8113823,429953.0,0.0,True,Health & Fitness,1062480.0,"100,000,000+",16M,Everyone,
com.ovz.carscanner,https://play.google.com/store/apps/details?id=com.ovz.carscanner&hl=en&gl=us,True,True,"Jan 23, 2018",Car Scanner ELM OBD2,4.674732,29587.0,0.0,True,Auto & Vehicles,58066.0,"5,000,000+",Varies with device,Everyone,
com.devexpert.weather,https://play.google.com/store/apps/details?id=com.devexpert.weather&hl=en&gl=us,True,True,"Nov 25, 2011",Weather & Clock Widget for Android,4.4925156,636653.0,0.0,True,Weather,2470369.0,"50,000,000+",17M,Everyone,
com.boranuonline.mydates2,https://play.google.com/store/apps/details?id=com.boranuonline.mydates2&hl=en&gl=us,,,"May 25, 2019",MyDates - The best way to find long lasting love,3.9048347,21964.0,0.0,True,Dating,33532.0,"1,000,000+",3.8M,Mature 17+,
air.com.rosettastone.mobile.CoursePlayer,https://play.google.com/store/apps/details?id=air.com.rosettastone.mobile.CoursePlayer&hl=en&gl=us,,,"Mar 27, 2013",Rosetta Stone: Learn Languages,4.5850477,90043.0,0.0,True,Education,242101.0,"10,000,000+",36M,Everyone,
com.lyrebirdstudio.beauty,https://play.google.com/store/apps/details?id=com.lyrebirdstudio.beauty&hl=en&gl=us,True,True,"Jan 20, 2016","Beauty Makeup Editor: Selfie Camera, Photo Editor",3.984734,24581.0,0.0,True,Beauty,65419.0,"10,000,000+",Varies with device,Everyone,
com.lifecake.android,https://play.google.com/store/apps/details?id=com.lifecake.android&hl=en&gl=us,,,"Jan 15, 2013",Lifecake - Baby Milestone & Private Photo Album,4.5412602,8834.0,0.0,True,Parenting,26829.0,"1,000,000+",14M,Everyone,
com.ifttt.ifttt,https://play.google.com/store/apps/details?id=com.ifttt.ifttt&hl=en&gl=us,,,"Apr 24, 2014",IFTTT,4.380807,42384.0,0.0,True,Productivity,162939.0,"5,000,000+",Varies with device,Everyone,
com.ludo.king,https://play.google.com/store/apps/details?id=com.ludo.king&hl=en&gl=us,True,True,"Dec 17, 2016",Ludo King‚Ñ¢,4.0140653,1793164.0,0.0,True,Board,5060072.0,"100,000,000+",43M,Everyone,
com.tiim.tradinggame,https://play.google.com/store/apps/details?id=com.tiim.tradinggame&hl=en&gl=us,,,"Feb 5, 2017",Shares & Forex Investing simulator - Trading Game,4.4853115,3345.0,0.0,True,Finance,8541.0,"1,000,000+",14M,Everyone,
com.doodlejoy.studio.kaleidoo,https://play.google.com/store/apps/details?id=com.doodlejoy.studio.kaleidoo&hl=en&gl=us,True,True,"Jan 17, 2013",Kaleidoo - Magic Doodle Joy Drawing Game,4.550553,36386.0,0.0,True,Casual,163497.0,"10,000,000+",4.4M,Everyone,
com.devnied.currency.free,https://play.google.com/store/apps/details?id=com.devnied.currency.free&hl=en&gl=us,True,True,"May 8, 2016",Currency Converter free,4.580473,4847.0,0.0,True,Finance,13178.0,"1,000,000+",9.6M,Everyone,
io.faceapp,https://play.google.com/store/apps/details?id=io.faceapp&hl=en&gl=us,True,True,"Feb 14, 2017",FaceApp,4.614676,1196163.0,0.0,True,Photography,2544720.0,"100,000,000+",20M,Everyone,
com.gps.route.finder.mobile.location.tracker.maps.navigation,https://play.google.com/store/apps/details?id=com.gps.route.finder.mobile.location.tracker.maps.navigation&hl=en&gl=us,True,True,"May 24, 2018",GPS Navigation - Map Locator & Route Planner,4.3886576,9851.0,0.0,True,Maps & Navigation,31764.0,"5,000,000+",6.4M,Mature 17+,Sexual Content
com.google.android.apps.translate,https://play.google.com/store/apps/details?id=com.google.android.apps.translate&hl=en&gl=us,,,,Google Translate,4.483899,1704654.0,0.0,True,Tools,7107890.0,"500,000,000+",Varies with device,Everyone,
com.cleanteam.onesecurity,https://play.google.com/store/apps/details?id=com.cleanteam.onesecurity&hl=en&gl=us,True,True,"Jan 20, 2020","One Security - Antivirus, Cleaner, Booster",4.699291,28446.0,0.0,True,Tools,61105.0,"10,000,000+",17M,Everyone,
com.nexon.kart,https://play.google.com/store/apps/details?id=com.nexon.kart&hl=en&gl=us,,,"May 11, 2020",KartRider Rush+,3.795655,53970.0,0.0,True,Racing,81177.0,"5,000,000+",Varies with device,Everyone,Mild Fantasy Violence
com.jvstudios.gpstracker,https://play.google.com/store/apps/details?id=com.jvstudios.gpstracker&hl=en&gl=us,True,True,"Dec 23, 2016","GPS Offline Maps, Directions - Explore & Navigate",4.1077285,4483.0,0.0,True,Maps & Navigation,8771.0,"5,000,000+",28M,Everyone,
com.quvideo.xiaoying,https://play.google.com/store/apps/details?id=com.quvideo.xiaoying&hl=en&gl=us,True,True,"Mar 21, 2013",Video Editor & Video Maker - VivaVideo,4.461033,4630152.0,0.0,True,Video Players & Editors,11904206.0,"100,000,000+",Varies with device,Teen,
com.sec.android.app.popupcalculator,https://play.google.com/store/apps/details?id=com.sec.android.app.popupcalculator&hl=en&gl=us,,,"Feb 8, 2017",Samsung Calculator,4.5447574,26910.0,0.0,True,Tools,181615.0,"1,000,000,000+",Varies with device,Everyone,
com.myleaderboard.GolfChannel,https://play.google.com/store/apps/details?id=com.myleaderboard.GolfChannel&hl=en&gl=us,True,True,,Golf Channel,3.514809,6580.0,0.0,True,Sports,21181.0,"1,000,000+",68M,Everyone,
es.lfp.gi.main,https://play.google.com/store/apps/details?id=es.lfp.gi.main&hl=en&gl=us,,,"Feb 29, 2012","La Liga - Live Soccer Scores, Goals, Stats & News",4.4821696,51080.0,0.0,True,Sports,209356.0,"10,000,000+",34M,Everyone,
com.yammer.v1,https://play.google.com/store/apps/details?id=com.yammer.v1&hl=en&gl=us,,,,Yammer,4.456895,15921.0,0.0,True,Business,58924.0,"5,000,000+",Varies with device,Everyone,
com.tplink.skylight,https://play.google.com/store/apps/details?id=com.tplink.skylight&hl=en&gl=us,,,"Nov 25, 2014",TP-LINK tpCamera,4.366723,8394.0,0.0,True,Libraries & Demo,17776.0,"500,000+",40M,Everyone,
com.specialyg.ippro,https://play.google.com/store/apps/details?id=com.specialyg.ippro&hl=en&gl=us,,,"Mar 30, 2016","IP Pro(VR Cam, EseeCloud)",3.3090909,5526.0,0.0,True,Libraries & Demo,9405.0,"1,000,000+",55M,Everyone,
com.beinsports.andcontent,https://play.google.com/store/apps/details?id=com.beinsports.andcontent&hl=en&gl=us,True,True,"Sep 27, 2016",beIN SPORTS,4.1107445,20800.0,0.0,True,Sports,67426.0,"10,000,000+",31M,Everyone,
com.zhiliaoapp.musically,https://play.google.com/store/apps/details?id=com.zhiliaoapp.musically&hl=en&gl=us,True,True,"Jul 9, 2015",TikTok - Make Your Day,4.3812346,9170145.0,0.0,True,Social,20333449.0,"1,000,000,000+",98M,Teen,
anime.smartroom.com.drawanime,https://play.google.com/store/apps/details?id=anime.smartroom.com.drawanime&hl=en&gl=us,True,True,"Dec 31, 2018",How to draw anime step by step,4.6035566,12226.0,0.0,True,Art & Design,19434.0,"1,000,000+",16M,Everyone,
video.like,https://play.google.com/store/apps/details?id=video.like&hl=en&gl=us,,,"Jul 26, 2017",Likee - Formerly LIKE Video,4.0269732,3492989.0,0.0,True,Video Players & Editors,6683608.0,"500,000,000+",71M,Teen,
com.mysugr.android.companion,https://play.google.com/store/apps/details?id=com.mysugr.android.companion&hl=en&gl=us,True,True,"Dec 6, 2013",mySugr - Diabetes App & Blood Sugar Tracker,4.61663,20430.0,0.0,True,Medical,41003.0,"1,000,000+",29M,Everyone,
com.tencent.mm,https://play.google.com/store/apps/details?id=com.tencent.mm&hl=en&gl=us,,,"Jan 30, 2011",WeChat,3.7052324,1480304.0,0.0,True,Communication,5841263.0,"100,000,000+",Varies with device,Everyone,
com.amazon.kindle,https://play.google.com/store/apps/details?id=com.amazon.kindle&hl=en&gl=us,True,True,"Jun 28, 2010",Amazon Kindle,4.0137944,254910.0,0.0,True,Books & Reference,955310.0,"100,000,000+",Varies with device,Teen,
com.zoosk.zoosk,https://play.google.com/store/apps/details?id=com.zoosk.zoosk&hl=en&gl=us,True,True,"Oct 8, 2010","Zoosk: Date, Connect & Find Your Best Match",3.7195916,159723.0,0.0,True,Dating,584729.0,"10,000,000+",Varies with device,Mature 17+,
tv.twitch.android.app,https://play.google.com/store/apps/details?id=tv.twitch.android.app&hl=en&gl=us,True,True,"May 20, 2015",Twitch: Livestream Multiplayer Games & Esports,4.6213765,926821.0,0.0,True,Entertainment,3265508.0,"100,000,000+",Varies with device,Teen,
com.mobills.fiftytwoweeks,https://play.google.com/store/apps/details?id=com.mobills.fiftytwoweeks&hl=en&gl=us,True,True,"Feb 9, 2018",52 Weeks Money Challenge - Free,4.793529,12863.0,0.0,True,Finance,40552.0,"1,000,000+",6.1M,Everyone,
com.com2us.golfstarworldtour.normal.freefull.google.global.android.common,https://play.google.com/store/apps/details?id=com.com2us.golfstarworldtour.normal.freefull.google.global.android.common&hl=en&gl=us,True,True,"May 2, 2013",Golf Star‚Ñ¢,4.1321883,257557.0,0.0,True,Sports,455597.0,"10,000,000+",79M,Teen,"Violence, Blood, Suggestive Themes, Partial Nudity"
proxima.easymoney.android,https://play.google.com/store/apps/details?id=proxima.easymoney.android&hl=en&gl=us,True,True,"Jun 9, 2016",CashApp - Cash Rewards App,4.4516997,54907.0,0.0,True,Lifestyle,92904.0,"1,000,000+",8.2M,Everyone,
us.zoom.videomeetings,https://play.google.com/store/apps/details?id=us.zoom.videomeetings&hl=en&gl=us,,,"Jan 24, 2013",ZOOM Cloud Meetings,3.9031873,30558.0,0.0,True,Business,92757.0,"100,000,000+",14M,Everyone,
com.joeware.android.gpulumera,https://play.google.com/store/apps/details?id=com.joeware.android.gpulumera&hl=en&gl=us,True,True,"Nov 23, 2013","Candy Camera - selfie, beauty camera, photo editor",4.4419413,974536.0,0.0,True,Photography,3495629.0,"100,000,000+",Varies with device,Everyone,
com.ubercab,https://play.google.com/store/apps/details?id=com.ubercab&hl=en&gl=us,,,"Oct 28, 2010",Uber - Request a ride,3.9687564,2247681.0,0.0,True,Maps & Navigation,6990936.0,"500,000,000+",Varies with device,Everyone,
com.mango.android,https://play.google.com/store/apps/details?id=com.mango.android&hl=en&gl=us,,,"Apr 18, 2012",Mango Languages: Personalized Language Learning,4.725933,4579.0,0.0,True,Education,10335.0,"500,000+",7.7M,Everyone,
pdf.reader,https://play.google.com/store/apps/details?id=pdf.reader&hl=en&gl=us,True,True,"Feb 16, 2014",PDF Reader,4.2713265,96468.0,0.0,True,Books & Reference,334000.0,"10,000,000+",6.7M,Everyone,
com.anghami,https://play.google.com/store/apps/details?id=com.anghami&hl=en&gl=us,True,True,"Nov 5, 2012","Anghami - Play, discover & download new music",4.4619083,273867.0,0.0,True,Music & Audio,946991.0,"50,000,000+",20M,Teen,
com.hansdinslage.connect.HealthForYou,https://play.google.com/store/apps/details?id=com.hansdinslage.connect.HealthForYou&hl=en&gl=us,,,"Dec 1, 2017",HealthForYou,3.6903343,10940.0,0.0,True,Health & Fitness,21896.0,"500,000+",51M,Everyone,
com.sphinx.lolpics,https://play.google.com/store/apps/details?id=com.sphinx.lolpics&hl=en&gl=us,True,True,"Jul 11, 2011",LOL Pics (Funny Pictures),4.3498616,24194.0,0.0,True,Entertainment,67939.0,"1,000,000+",8.7M,Teen,
com.icandesignapp.all,https://play.google.com/store/apps/details?id=com.icandesignapp.all&hl=en&gl=us,,,"Dec 17, 2016",Room Planner: Home Interior & Floorplan Design 3D,4.4306197,16016.0,0.0,True,House & Home,39418.0,"1,000,000+",45M,Everyone,
com.amdroidalarmclock.amdroid,https://play.google.com/store/apps/details?id=com.amdroidalarmclock.amdroid&hl=en&gl=us,True,True,"May 25, 2014",Alarm Clock for Heavy Sleepers ‚Äî Loud + Smart Math,4.5363197,19057.0,0.0,True,Productivity,47996.0,"1,000,000+",17M,Everyone,
com.hotornot.app,https://play.google.com/store/apps/details?id=com.hotornot.app&hl=en&gl=us,True,True,"May 22, 2013",Hot or Not - Find someone right now,4.062455,70451.0,0.0,True,Dating,337353.0,"10,000,000+",24M,Mature 17+,
com.oovoo,https://play.google.com/store/apps/details?id=com.oovoo&hl=en&gl=us,True,True,"Oct 25, 2010","ooVoo Video Calls, Messaging & Stories",4.3077626,297844.0,0.0,True,Social,1153824.0,"50,000,000+",34M,Everyone,
io.strongapp.strong,https://play.google.com/store/apps/details?id=io.strongapp.strong&hl=en&gl=us,,,"Apr 9, 2017",Strong - Workout Tracker Gym Log,4.7877865,6081.0,0.0,True,Health & Fitness,19739.0,"500,000+",97M,Everyone,
com.dualboot.apps.ocean,https://play.google.com/store/apps/details?id=com.dualboot.apps.ocean&hl=en&gl=us,,,"Aug 24, 2012",Ocean HD,4.282051,2983.0,1.99,False,Personalization,6624.0,"100,000+",8.4M,Everyone,
com.vyroai.AutoCutCut,https://play.google.com/store/apps/details?id=com.vyroai.AutoCutCut&hl=en&gl=us,True,True,"Oct 8, 2019",Background changer - Background Eraser - Cut Cut,4.4579024,6592.0,0.0,True,Photography,14114.0,"1,000,000+",19M,Everyone,
com.linecorp.b612.android,https://play.google.com/store/apps/details?id=com.linecorp.b612.android&hl=en&gl=us,,,"Oct 9, 2014",B612 - Beauty & Filter Camera,4.3389244,2227035.0,0.0,True,Photography,6566436.0,"500,000,000+",Varies with device,Everyone,
com.google.android.inputmethod.latin,https://play.google.com/store/apps/details?id=com.google.android.inputmethod.latin&hl=en&gl=us,,,"Jun 5, 2013",Gboard - the Google Keyboard,4.5243926,2023913.0,0.0,True,Tools,5621464.0,"1,000,000,000+",Varies with device,Everyone,
com.memrise.android.memrisecompanion,https://play.google.com/store/apps/details?id=com.memrise.android.memrisecompanion&hl=en&gl=us,,,"May 20, 2013","Learn Languages with Memrise - Spanish, French",4.5538473,524767.0,0.0,True,Education,1316723.0,"10,000,000+",8.3M,Everyone,
com.outfit7.talkinggingerfree,https://play.google.com/store/apps/details?id=com.outfit7.talkinggingerfree&hl=en&gl=us,True,True,"Sep 15, 2012",Talking Ginger,3.9805264,571291.0,0.0,True,Entertainment,1835963.0,"100,000,000+",Varies with device,Everyone,
com.sinyee.babybus.shopping,https://play.google.com/store/apps/details?id=com.sinyee.babybus.shopping&hl=en&gl=us,True,True,"Feb 19, 2016",Baby Panda's Supermarket,4.221327,95642.0,0.0,True,Educational,215002.0,"50,000,000+",72M,Everyone,
com.jumia.android,https://play.google.com/store/apps/details?id=com.jumia.android&hl=en&gl=us,,,"Aug 27, 2013",JUMIA Online Shopping,4.3693886,260391.0,0.0,True,Shopping,594831.0,"10,000,000+",11M,Teen,
com.zombodroid.MemeGeneratorFullGplay,https://play.google.com/store/apps/details?id=com.zombodroid.MemeGeneratorFullGplay&hl=en&gl=us,,,"Mar 4, 2013",Meme Generator PRO,4.8398576,2424.0,2.99,False,Entertainment,5659.0,"100,000+",71M,Mature 17+,Strong Language
com.zombodroid.memefbmessenger,https://play.google.com/store/apps/details?id=com.zombodroid.memefbmessenger&hl=en&gl=us,True,True,"Mar 25, 2015",Meme Soundboard by ZomboDroid,4.4575105,8631.0,0.0,True,Entertainment,43689.0,"5,000,000+",32M,Mature 17+,Strong Language
com.adsk.sketchbook,https://play.google.com/store/apps/details?id=com.adsk.sketchbook&hl=en&gl=us,,,"Oct 8, 2014",SketchBook - draw and paint,4.16322,131594.0,0.0,True,Entertainment,349238.0,"10,000,000+",Varies with device,Everyone,
com.lyrebirdstudio.tbt,https://play.google.com/store/apps/details?id=com.lyrebirdstudio.tbt&hl=en&gl=us,True,True,"Dec 24, 2015","PicsApp Photo Editor: Collage Maker, Neon Effects",4.4340143,56654.0,0.0,True,Photography,117140.0,"10,000,000+",Varies with device,Everyone,
com.jb.emoji.gokeyboard,https://play.google.com/store/apps/details?id=com.jb.emoji.gokeyboard&hl=en&gl=us,True,True,"Jan 13, 2015","GO Keyboard - Cute Emojis, Themes and GIFs",4.5474854,1269248.0,0.0,True,Tools,4753927.0,"100,000,000+",36M,Everyone,
com.glow.android.baby,https://play.google.com/store/apps/details?id=com.glow.android.baby&hl=en&gl=us,True,True,"Feb 24, 2016","GLOW. Baby Tracker & Feeding, Diaper, Sleep Log",4.571429,3627.0,0.0,True,Parenting,9264.0,"100,000+",12M,Everyone,
com.viber.voip,https://play.google.com/store/apps/details?id=com.viber.voip&hl=en&gl=us,True,True,"Jul 19, 2011","Viber Messenger - Messages, Group Chats & Calls",4.335577,3340670.0,0.0,True,Communication,13784080.0,"500,000,000+",Varies with device,Everyone,
com.epocrates,https://play.google.com/store/apps/details?id=com.epocrates&hl=en&gl=us,,,"Feb 22, 2010",epocrates,4.258031,5801.0,0.0,True,Medical,24804.0,"1,000,000+",Varies with device,Everyone,
com.skype.m2,https://play.google.com/store/apps/details?id=com.skype.m2&hl=en&gl=us,,,,Skype Lite - Free Video Call & Chat,,,0.0,True,Communication,,"10,000,000+",Varies with device,Everyone,
money.expense.budget.wallet.manager.track.finance.tracker,https://play.google.com/store/apps/details?id=money.expense.budget.wallet.manager.track.finance.tracker&hl=en&gl=us,,,"May 20, 2018","Money Manager: Expense Tracker, Free Budgeting App",4.332059,56333.0,0.0,True,Finance,151789.0,"1,000,000+",4.9M,Everyone,
com.macropinch.swan,https://play.google.com/store/apps/details?id=com.macropinch.swan&hl=en&gl=us,True,True,"Jun 21, 2012",Weather,4.405765,322862.0,0.0,True,Weather,1287808.0,"10,000,000+",Varies with device,Everyone,
com.activision.callofduty.shooter,https://play.google.com/store/apps/details?id=com.activision.callofduty.shooter&hl=en&gl=us,True,True,"Sep 30, 2019",Call of Duty¬Æ: Mobile,4.4313917,4147433.0,0.0,True,Action,8760153.0,"100,000,000+",81M,Mature 17+,"Blood, Violence"
com.visiblebody.atlas,https://play.google.com/store/apps/details?id=com.visiblebody.atlas&hl=en&gl=us,,,"Sep 30, 2016",Human Anatomy Atlas 2021:¬†Complete 3D Human Body,4.6319876,3038.0,24.99,False,Medical,6481.0,"100,000+",35M,Everyone,
com.spotify.lite,https://play.google.com/store/apps/details?id=com.spotify.lite&hl=en&gl=us,True,True,,Spotify Lite,4.400115,55445.0,0.0,True,Music & Audio,122778.0,"5,000,000+",9.8M,Teen,Diverse Content: Discretion Advised
com.creative.colorfit.mandala.coloring.book,https://play.google.com/store/apps/details?id=com.creative.colorfit.mandala.coloring.book&hl=en&gl=us,True,True,"May 12, 2017",Colorfit - Drawing & Coloring,4.182867,14213.0,0.0,True,Art & Design,34840.0,"1,000,000+",25M,Everyone 10+,Use of Alcohol
com.kongregate.mobile.thetrail.google,https://play.google.com/store/apps/details?id=com.kongregate.mobile.thetrail.google&hl=en&gl=us,True,True,"Nov 1, 2016",The Trail,4.1388392,117843.0,0.0,True,Simulation,301797.0,"5,000,000+",Varies with device,Everyone,Mild Fantasy Violence
com.seatgeek.android,https://play.google.com/store/apps/details?id=com.seatgeek.android&hl=en&gl=us,,,"Nov 13, 2013","SeatGeek ‚Äì Tickets to Sports, Concerts, Broadway",4.4777565,6439.0,0.0,True,Events,20841.0,"1,000,000+",41M,Everyone,
com.audible.application,https://play.google.com/store/apps/details?id=com.audible.application&hl=en&gl=us,,,"Aug 12, 2010",Audible Audiobooks: Stories & Audio Entertainment,4.534657,278589.0,0.0,True,Books & Reference,965931.0,"100,000,000+",21M,Teen,
com.socialz.stickerapp,https://play.google.com/store/apps/details?id=com.socialz.stickerapp&hl=en&gl=us,True,True,"Nov 12, 2018",New Stickers - WAStickerApps,4.684349,10616.0,0.0,True,Personalization,23194.0,"1,000,000+",Varies with device,Teen,Language
com.inditex.zara,https://play.google.com/store/apps/details?id=com.inditex.zara&hl=en&gl=us,,,"Oct 11, 2012",Zara,4.0776496,32388.0,0.0,True,Lifestyle,144540.0,"10,000,000+",30M,Everyone,
com.netflix.mediaclient,https://play.google.com/store/apps/details?id=com.netflix.mediaclient&hl=en&gl=us,,,"May 5, 2011",Netflix,4.484371,2849225.0,0.0,True,Entertainment,8891909.0,"500,000,000+",12M,Teen,
com.medscape.android,https://play.google.com/store/apps/details?id=com.medscape.android&hl=en&gl=us,True,True,"Jan 6, 2011",Medscape,4.6147065,14084.0,0.0,True,Medical,56978.0,"5,000,000+",82M,Everyone,
com.dream_studio.animalringtones,https://play.google.com/store/apps/details?id=com.dream_studio.animalringtones&hl=en&gl=us,True,True,"Jul 24, 2015",Animals: Ringtones,4.6056705,53206.0,0.0,True,Personalization,116092.0,"10,000,000+",18M,Everyone,
com.dts.freefireth,https://play.google.com/store/apps/details?id=com.dts.freefireth&hl=en&gl=us,,,"Dec 7, 2017",Garena Free Fire: Wonderland,3.792936,29891707.0,0.0,True,Action,49359575.0,"500,000,000+",41M,Mature 17+,"Violence, Blood"
mobi.mangatoon.comics.aphone,https://play.google.com/store/apps/details?id=mobi.mangatoon.comics.aphone&hl=en&gl=us,True,True,"Jul 8, 2018","MangaToon-Good comics, Great stories",4.4552565,143415.0,0.0,True,Comics,348840.0,"10,000,000+",Varies with device,Teen,Diverse Content: Discretion Advised
com.expertoption,https://play.google.com/store/apps/details?id=com.expertoption&hl=en&gl=us,,,,ExpertOption - Mobile Trading,4.0409193,41736.0,0.0,True,Finance,97979.0,"10,000,000+",12M,Everyone,
br.com.ctncardoso.ctncar,https://play.google.com/store/apps/details?id=br.com.ctncardoso.ctncar&hl=en&gl=us,True,True,"Jun 24, 2012","Drivvo ‚Äì Car management, Fuel log, Find Cheap Gas",4.603195,29667.0,0.0,True,Auto & Vehicles,78474.0,"1,000,000+",12M,Everyone,
com.sm.SlingGuide.Dish,https://play.google.com/store/apps/details?id=com.sm.SlingGuide.Dish&hl=en&gl=us,True,True,"Nov 18, 2010",DISH Anywhere,3.7538462,31603.0,0.0,True,Entertainment,103053.0,"10,000,000+",Varies with device,Teen,
com.android.chrome,https://play.google.com/store/apps/details?id=com.android.chrome&hl=en&gl=us,,,"Feb 7, 2012",Google Chrome: Fast & Secure,4.3269725,6351894.0,0.0,True,Communication,21296633.0,"5,000,000,000+",Varies with device,Everyone,
com.duolingo,https://play.google.com/store/apps/details?id=com.duolingo&hl=en&gl=us,True,True,"May 29, 2013",Duolingo: Learn Languages Free,4.710938,3842726.0,0.0,True,Education,9290217.0,"100,000,000+",Varies with device,Everyone,
ru.subprogram.guitarsongs.vint,https://play.google.com/store/apps/details?id=ru.subprogram.guitarsongs.vint&hl=en&gl=us,True,True,"Apr 26, 2013",Guitar Songs,4.609818,21346.0,0.0,True,Music & Audio,67524.0,"5,000,000+",29M,Mature 17+,"Drug Reference, Strong Language"
hd.camera,https://play.google.com/store/apps/details?id=hd.camera&hl=en&gl=us,True,True,"Apr 10, 2018",HD Camera,4.2020717,22682.0,0.0,True,Photography,54249.0,"10,000,000+",Varies with device,Everyone,
com.cardinalblue.piccollage.google,https://play.google.com/store/apps/details?id=com.cardinalblue.piccollage.google&hl=en&gl=us,True,True,"Jun 7, 2012",PicCollage - Easy Photo Template & Grid Editor,4.6383424,440902.0,0.0,True,Photography,1529473.0,"50,000,000+",Varies with device,Everyone,
com.bravolang.english,https://play.google.com/store/apps/details?id=com.bravolang.english&hl=en&gl=us,True,True,"Nov 16, 2012",Learn English Phrases | English Translator,4.610621,28224.0,0.0,True,Education,102968.0,"5,000,000+",23M,Everyone,
com.magicvideo.beauty.videoeditor,https://play.google.com/store/apps/details?id=com.magicvideo.beauty.videoeditor&hl=en&gl=us,True,True,"Jul 27, 2018",Magic Video Effect - Music Video Maker Music Story,4.453125,5492.0,0.0,True,Video Players & Editors,10447.0,"1,000,000+",25M,Everyone,
com.google.android.youtube,https://play.google.com/store/apps/details?id=com.google.android.youtube&hl=en&gl=us,True,True,"Oct 20, 2010",YouTube,4.140073,25201281.0,0.0,True,Video Players & Editors,71928490.0,"5,000,000,000+",Varies with device,Teen,
com.pockettrend.neomonsters,https://play.google.com/store/apps/details?id=com.pockettrend.neomonsters&hl=en&gl=us,,,"Apr 11, 2016",Neo Monsters,4.327153,32701.0,0.0,True,Role Playing,84227.0,"1,000,000+",94M,Everyone,Mild Fantasy Violence
sixpack.sixpackabs.absworkout,https://play.google.com/store/apps/details?id=sixpack.sixpackabs.absworkout&hl=en&gl=us,True,True,"Jan 9, 2018",Six Pack in 30 Days - Abs Workout,4.858382,346407.0,0.0,True,Health & Fitness,799043.0,"50,000,000+",13M,Teen,Sexual Themes
com.pomelogames.MarsGame,https://play.google.com/store/apps/details?id=com.pomelogames.MarsGame&hl=en&gl=us,True,True,"Aug 10, 2016",Mars: Mars,4.5237436,66087.0,0.0,True,Action,188636.0,"5,000,000+",38M,Everyone,
ginlemon.smartlauncher.extratool,https://play.google.com/store/apps/details?id=ginlemon.smartlauncher.extratool&hl=en&gl=us,,,"Apr 27, 2014",SL Screen Off plugin,4.017536,2020.0,0.0,True,Libraries & Demo,23108.0,"1,000,000+",16k,Everyone,
com.kiloo.subwaysurf,https://play.google.com/store/apps/details?id=com.kiloo.subwaysurf&hl=en&gl=us,True,True,"Sep 20, 2012",Subway Surfers,4.447281,11040001.0,0.0,True,Arcade,32846853.0,"1,000,000,000+",94M,Everyone 10+,Fantasy Violence
com.boranuonline.idates,https://play.google.com/store/apps/details?id=com.boranuonline.idates&hl=en&gl=us,,,"Oct 19, 2016","iDates - Chat, Flirt with Singles & Fall in Love",4.513735,48246.0,0.0,True,Dating,86112.0,"1,000,000+",3.9M,Mature 17+,
com.stronglifts.app,https://play.google.com/store/apps/details?id=com.stronglifts.app&hl=en&gl=us,,,"Dec 23, 2013",Stronglifts 5x5 - Weight Lifting & Gym Workout Log,4.900629,23337.0,0.0,True,Health & Fitness,88633.0,"1,000,000+",Varies with device,Everyone,
com.outfit7.talkingtom2free,https://play.google.com/store/apps/details?id=com.outfit7.talkingtom2free&hl=en&gl=us,True,True,"Aug 22, 2011",Talking Tom Cat 2,4.410206,853824.0,0.0,True,Entertainment,3296775.0,"100,000,000+",55M,Everyone 10+,"Fantasy Violence, Comic Mischief"
video.like.lite,https://play.google.com/store/apps/details?id=video.like.lite&hl=en&gl=us,,,"Nov 9, 2018",Likee Lite - Formerly LIKE Lite Video,3.7064824,105182.0,0.0,True,Video Players & Editors,206294.0,"50,000,000+",16M,Teen,
com.cyberlink.youcammakeup,https://play.google.com/store/apps/details?id=com.cyberlink.youcammakeup&hl=en&gl=us,True,True,"Aug 7, 2014",YouCam Makeup-Magic Selfie Cam & Virtual Makeovers,4.592499,1433197.0,0.0,True,Photography,3828442.0,"100,000,000+",Varies with device,Everyone,
com.inditex.pullandbear,https://play.google.com/store/apps/details?id=com.inditex.pullandbear&hl=en&gl=us,,,"Apr 25, 2014",PULL&BEAR,4.424784,9355.0,0.0,True,Lifestyle,63962.0,"10,000,000+",82M,Everyone,
com.led.flashlight.app,https://play.google.com/store/apps/details?id=com.led.flashlight.app&hl=en&gl=us,True,True,"Mar 4, 2015",Super Flashlight + LED,4.380116,15459.0,0.0,True,Tools,55818.0,"5,000,000+",3.9M,Everyone,
com.audioaddict.di,https://play.google.com/store/apps/details?id=com.audioaddict.di&hl=en&gl=us,True,True,"Mar 10, 2011",DI.FM: Electronic Music Radio,4.5906053,31703.0,0.0,True,Music & Audio,88521.0,"5,000,000+",49M,Teen,
com.FDGEntertainment.redball4.gp,https://play.google.com/store/apps/details?id=com.FDGEntertainment.redball4.gp&hl=en&gl=us,True,True,"Oct 24, 2014",Red Ball 4,4.3853927,720878.0,0.0,True,Arcade,2002923.0,"100,000,000+",53M,Everyone,
stickers.network,https://play.google.com/store/apps/details?id=stickers.network&hl=en&gl=us,True,True,"Dec 10, 2019","Emojis, Memojis and Memes Stickers - WAStickerApps",4.6633663,6392.0,0.0,True,Personalization,15486.0,"1,000,000+",6.8M,Everyone,
com.bandsintown,https://play.google.com/store/apps/details?id=com.bandsintown&hl=en&gl=us,True,True,"Apr 10, 2012",Bandsintown Concerts,4.6134615,45575.0,0.0,True,Music & Audio,242649.0,"5,000,000+",16M,Everyone,
com.beautyvideo.photovideomaker.videoshow,https://play.google.com/store/apps/details?id=com.beautyvideo.photovideomaker.videoshow&hl=en&gl=us,True,True,"Jul 17, 2018","VMake: Video Editor, Video Maker With Music Photos",4.459753,20783.0,0.0,True,Video Players & Editors,40818.0,"5,000,000+",44M,Everyone,
ru.ok.messages,https://play.google.com/store/apps/details?id=ru.ok.messages&hl=en&gl=us,,,"Jul 13, 2016",TamTam Messenger - free chats & video calls,4.0763803,16976.0,0.0,True,Communication,55620.0,"5,000,000+",Varies with device,Teen,
com.ticno.olymptrade,https://play.google.com/store/apps/details?id=com.ticno.olymptrade&hl=en&gl=us,,,,Olymp Trade ‚Äì Online Trading App,4.114153,227454.0,0.0,True,Business,449044.0,"50,000,000+",15M,Everyone,
com.facebook.orca,https://play.google.com/store/apps/details?id=com.facebook.orca&hl=en&gl=us,,,"Jan 30, 2014",Messenger ‚Äì Text and Video Chat for Free,4.2466893,19994601.0,0.0,True,Communication,72663827.0,"1,000,000,000+",Varies with device,Everyone,
com.omgpop.dstfree,https://play.google.com/store/apps/details?id=com.omgpop.dstfree&hl=en&gl=us,True,True,"Feb 1, 2012",Draw Something Classic,4.203608,441145.0,0.0,True,Word,1123159.0,"50,000,000+",Varies with device,Everyone,
com.media.movie.hd.videoplayer,https://play.google.com/store/apps/details?id=com.media.movie.hd.videoplayer&hl=en&gl=us,True,True,"Feb 24, 2020",Video player app,4.708415,3971.0,0.0,True,Video Players & Editors,5200.0,"500,000+",6.1M,Teen,Language
com.matchtech.solive,https://play.google.com/store/apps/details?id=com.matchtech.solive&hl=en&gl=us,True,True,"May 16, 2019",SoLive,4.3497887,10007.0,0.0,True,Social,21741.0,"1,000,000+",59M,Mature 17+,
com.huawei.health,https://play.google.com/store/apps/details?id=com.huawei.health&hl=en&gl=us,,,"Mar 15, 2017",Huawei Health,3.2588184,89612.0,0.0,True,Health & Fitness,208079.0,"100,000,000+",95M,Everyone,
fr.creditagricole.androidapp,https://play.google.com/store/apps/details?id=fr.creditagricole.androidapp&hl=en&gl=us,,,"Jun 27, 2011",Ma Banque,3.935556,94861.0,0.0,True,Finance,250741.0,"5,000,000+",Varies with device,Everyone,
com.PepiPlay.KingsCastle,https://play.google.com/store/apps/details?id=com.PepiPlay.KingsCastle&hl=en&gl=us,True,True,"Oct 26, 2018",Pepi Wonder World,4.163902,68446.0,0.0,True,Educational,111669.0,"10,000,000+",88M,Everyone,
es.roid.and.trovit,https://play.google.com/store/apps/details?id=es.roid.and.trovit&hl=en&gl=us,True,True,,Real Estate sale & rent Trovit,4.050708,19456.0,0.0,True,House & Home,75384.0,"10,000,000+",7.7M,Everyone,
com.imangi.templerun2,https://play.google.com/store/apps/details?id=com.imangi.templerun2&hl=en&gl=us,True,True,"Jan 23, 2013",Temple Run 2,4.2837114,2533879.0,0.0,True,Action,9137469.0,"500,000,000+",85M,Everyone,
com.advasoft.touchretouch,https://play.google.com/store/apps/details?id=com.advasoft.touchretouch&hl=en&gl=us,,,"Jun 2, 2011",TouchRetouch,4.611523,8555.0,1.99,False,Photography,19140.0,"500,000+",15M,Everyone,
com.babbel.mobile.android.en,https://play.google.com/store/apps/details?id=com.babbel.mobile.android.en&hl=en&gl=us,,,"Feb 21, 2012","Babbel - Learn Languages - Spanish, French & More",4.5435247,243997.0,0.0,True,Education,512924.0,"10,000,000+",26M,Everyone,
net.manga.geek.mangamaster,https://play.google.com/store/apps/details?id=net.manga.geek.mangamaster&hl=en&gl=us,True,True,"Oct 18, 2019",Manga Geek - Free Manga Reader App,3.9702802,15417.0,0.0,True,Comics,35526.0,"1,000,000+",9.1M,Mature 17+,"Sexual Content, Nudity, Strong Language"
com.wroclawstudio.puzzlealarmclock,https://play.google.com/store/apps/details?id=com.wroclawstudio.puzzlealarmclock&hl=en&gl=us,True,True,"Mar 23, 2012",Alarm Clock Puzzle ‚è∞,4.0157003,11296.0,0.0,True,Tools,34721.0,"1,000,000+",5.8M,Everyone,
jp.naver.line.android,https://play.google.com/store/apps/details?id=jp.naver.line.android&hl=en&gl=us,True,True,"Jun 23, 2011",LINE: Free Calls & Messages,4.099481,3147116.0,0.0,True,Communication,12169681.0,"500,000,000+",Varies with device,Everyone,
fitapp.fittofit,https://play.google.com/store/apps/details?id=fitapp.fittofit&hl=en&gl=us,,,"Apr 12, 2017",FitToFit - Fitbit to Google Fit,4.5347223,1428.0,0.0,True,Health & Fitness,2897.0,"100,000+",3.4M,Everyone,
com.wordreference,https://play.google.com/store/apps/details?id=com.wordreference&hl=en&gl=us,True,True,"Jul 7, 2010",WordReference.com dictionaries,4.4076,14690.0,0.0,True,Books & Reference,65204.0,"5,000,000+",Varies with device,Teen,
com.drivemode.android,https://play.google.com/store/apps/details?id=com.drivemode.android&hl=en&gl=us,True,True,"Aug 25, 2014",Drivemode: Handsfree Messages And Call For Driving,4.136644,11784.0,0.0,True,Auto & Vehicles,31121.0,"1,000,000+",21M,Everyone,
com.commsource.beautyplus,https://play.google.com/store/apps/details?id=com.commsource.beautyplus&hl=en&gl=us,True,True,"Jul 14, 2013",BeautyPlus - Easy Photo Editor & Selfie Camera,4.430856,1473108.0,0.0,True,Photography,4448453.0,"100,000,000+",63M,Everyone,
com.mobvantage.CashForApps,https://play.google.com/store/apps/details?id=com.mobvantage.CashForApps&hl=en&gl=us,True,True,"May 1, 2015",Cash for Apps - Free Gift Cards,4.5337257,217942.0,0.0,True,Entertainment,379285.0,"10,000,000+",Varies with device,Everyone,
com.viewer.comicscreen,https://play.google.com/store/apps/details?id=com.viewer.comicscreen&hl=en&gl=us,True,True,"Jun 3, 2014",ComicScreen - ComicViewer,4.7012987,14621.0,0.0,True,Comics,42490.0,"1,000,000+",18M,Everyone,
com.kakao.talk,https://play.google.com/store/apps/details?id=com.kakao.talk&hl=en&gl=us,True,True,"Aug 23, 2010",KakaoTalk: Free Calls & Text,4.0418367,855587.0,0.0,True,Communication,2876396.0,"100,000,000+",105M,Everyone,
com.musicops.vanillamusicdownload,https://play.google.com/store/apps/details?id=com.musicops.vanillamusicdownload&hl=en&gl=us,True,True,"Sep 27, 2019",Download Music Mp3,4.013364,17626.0,0.0,True,Music & Audio,30969.0,"5,000,000+",9.0M,Teen,Diverse Content: Discretion Advised
pl.planmieszkania.android,https://play.google.com/store/apps/details?id=pl.planmieszkania.android&hl=en&gl=us,True,True,"Sep 30, 2012",Floor Plan Creator,4.0067115,23996.0,0.0,True,Art & Design,61650.0,"10,000,000+",Varies with device,Everyone,
br.com.snapdark.whatlisten.app,https://play.google.com/store/apps/details?id=br.com.snapdark.whatlisten.app&hl=en&gl=us,True,True,"Oct 20, 2019",Free Music player MP3 - Whatlisten,4.6710773,24717.0,0.0,True,Music & Audio,43615.0,"1,000,000+",8.4M,Teen,Language
com.nra.flyermaker,https://play.google.com/store/apps/details?id=com.nra.flyermaker&hl=en&gl=us,True,True,"Feb 17, 2018","Poster Maker, Flyer Maker, Social Media Post Maker",4.6241207,4578.0,0.0,True,Art & Design,10060.0,"500,000+",9.9M,Everyone,
com.eventbrite.attendee,https://play.google.com/store/apps/details?id=com.eventbrite.attendee&hl=en&gl=us,,,"Jan 25, 2012",Eventbrite - Discover popular events & nearby fun,4.613043,35828.0,0.0,True,Entertainment,113012.0,"10,000,000+",15M,Everyone,
com.tencent.wecomic,https://play.google.com/store/apps/details?id=com.tencent.wecomic&hl=en&gl=us,,,"Mar 3, 2019",WeComics,4.0195026,12128.0,0.0,True,Comics,26329.0,"1,000,000+",8.8M,Teen,Diverse Content: Discretion Advised
com.dgmh.easycurrency,https://play.google.com/store/apps/details?id=com.dgmh.easycurrency&hl=en&gl=us,True,True,"Sep 29, 2014",Currency Easy Converter - Real-Time Exchange Rates,4.464241,2792.0,0.0,True,Finance,8014.0,"500,000+",7.3M,Everyone,
com.luckystars.hairstylesstepbystep,https://play.google.com/store/apps/details?id=com.luckystars.hairstylesstepbystep&hl=en&gl=us,True,True,"Mar 15, 2019",Hairstyles step by step for girls,4.033219,10137.0,0.0,True,Beauty,17747.0,"5,000,000+",4.5M,Everyone,
com.houzz.app,https://play.google.com/store/apps/details?id=com.houzz.app&hl=en&gl=us,True,True,"Dec 18, 2012",Houzz - Home Design & Remodel,4.696834,94974.0,0.0,True,House & Home,380830.0,"10,000,000+",17M,Everyone,
com.sec.android.app.shealth,https://play.google.com/store/apps/details?id=com.sec.android.app.shealth&hl=en&gl=us,True,True,"Apr 7, 2015",Samsung Health,4.317807,316922.0,0.0,True,Health & Fitness,978199.0,"1,000,000,000+",78M,Everyone,
com.busuu.android.enc,https://play.google.com/store/apps/details?id=com.busuu.android.enc&hl=en&gl=us,,,"Jul 29, 2011",Busuu: Language Learning - Learn Spanish & French,4.4242425,131646.0,0.0,True,Education,359405.0,"10,000,000+",16M,Everyone 10+,
com.gameloft.anmp.disney.adventure,https://play.google.com/store/apps/details?id=com.gameloft.anmp.disney.adventure&hl=en&gl=us,True,True,"Jan 28, 2020",Disney Getaway Blast,4.6476345,11185.0,0.0,True,Puzzle,43276.0,"1,000,000+",172M,Everyone,
madlipz.eigenuity.com,https://play.google.com/store/apps/details?id=madlipz.eigenuity.com&hl=en&gl=us,True,True,"Jun 9, 2016",MadLipz - Instant Dub and Sub,4.480529,150841.0,0.0,True,Entertainment,323704.0,"10,000,000+",21M,Teen,
com.google.android.apps.magazines,https://play.google.com/store/apps/details?id=com.google.android.apps.magazines&hl=en&gl=us,True,True,"Jun 27, 2012",Google News: Top World & Local News Headlines,4.426419,309050.0,0.0,True,News & Magazines,1300331.0,"1,000,000,000+",Varies with device,Teen,
com.imdb.mobile,https://play.google.com/store/apps/details?id=com.imdb.mobile&hl=en&gl=us,True,True,"Jun 29, 2010","IMDb Movies & TV Shows: Trailers, Reviews, Tickets",4.5465846,151515.0,0.0,True,Entertainment,717106.0,"100,000,000+",Varies with device,Teen,
com.azarlive.android,https://play.google.com/store/apps/details?id=com.azarlive.android&hl=en&gl=us,True,True,"Oct 28, 2013",Azar,4.046054,633468.0,0.0,True,Communication,1490364.0,"100,000,000+",Varies with device,Mature 17+,
tools.widget.light.flashlight,https://play.google.com/store/apps/details?id=tools.widget.light.flashlight&hl=en&gl=us,True,True,"Nov 26, 2014",LED Flashlight,4.5373883,49826.0,0.0,True,Tools,212467.0,"10,000,000+",4.4M,Everyone,
com.sega.sprint,https://play.google.com/store/apps/details?id=com.sega.sprint&hl=en&gl=us,True,True,"Nov 15, 2017",Sonic Forces ‚Äì Multiplayer Racing & Battle Game,4.3588505,216767.0,0.0,True,Adventure,429720.0,"10,000,000+",43M,Everyone,Mild Fantasy Violence
net.lovoo.android,https://play.google.com/store/apps/details?id=net.lovoo.android&hl=en&gl=us,True,True,"Oct 22, 2011",LOVOO ¬Æ,3.9394307,311034.0,0.0,True,Social,984850.0,"50,000,000+",Varies with device,Mature 17+,
com.graph.weather.forecast.channel,https://play.google.com/store/apps/details?id=com.graph.weather.forecast.channel&hl=en&gl=us,True,True,"Nov 2, 2017",Weather forecast,4.7116423,198741.0,0.0,True,Weather,582069.0,"10,000,000+",10M,Everyone,
com.and.wareternal,https://play.google.com/store/apps/details?id=com.and.wareternal&hl=en&gl=us,,,"Apr 22, 2019",War Eternal - Epic Kingdoms,4.425973,9651.0,0.0,True,Strategy,23903.0,"1,000,000+",67M,Teen,"Violence, Blood"
com.famousringtones2017.topringtones2017.funnyringtones2018,https://play.google.com/store/apps/details?id=com.famousringtones2017.topringtones2017.funnyringtones2018&hl=en&gl=us,True,True,"Nov 14, 2017",Super Funny Ringtones 2020 üîî,4.4408164,4027.0,0.0,True,Libraries & Demo,9967.0,"500,000+",25M,Everyone,
